"FullName","Extension","Length","CreationTime","LastWriteTime","LastAccessTime","DirectoryName","AgeInDays","Size"
"z:\UVHD-S-1-5-21-1942362167-1422280307-2661674361-1104.vhdx",".vhdx","107109941248","16/10/2017 15:12:10","08/08/2025 16:39:41","16/10/2017 15:12:10","z:\","2853","99.75 GB"
"z:\UVHD-S-1-5-21-1942362167-1422280307-2661674361-1113.vhdx",".vhdx","21479030784","04/10/2017 15:10:10","08/08/2025 16:39:35","04/10/2017 15:10:10","z:\","2865","20.00 GB"
"z:\UVHD-S-1-5-21-1942362167-1422280307-2661674361-1116.vhdx",".vhdx","21479030784","16/10/2017 11:40:52","01/07/2025 15:16:11","16/10/2017 11:40:52","z:\","2853","20.00 GB"
"z:\UVHD-S-1-5-21-1942362167-1422280307-2661674361-1122.vhdx",".vhdx","65200455680","21/02/2018 10:09:23","16/05/2025 19:33:41","21/02/2018 10:09:23","z:\","2725","60.72 GB"
"z:\UVHD-S-1-5-21-1942362167-1422280307-2661674361-1140.vhdx",".vhdx","21479030784","06/10/2017 15:30:36","08/08/2025 16:30:44","06/10/2017 15:30:36","z:\","2863","20.00 GB"
"z:\UVHD-S-1-5-21-1942362167-1422280307-2661674361-1154.vhdx",".vhdx","100264837120","14/12/2017 11:31:55","08/08/2025 16:39:46","14/12/2017 11:31:55","z:\","2794","93.38 GB"
"z:\UVHD-S-1-5-21-1942362167-1422280307-2661674361-1156.vhdx",".vhdx","11177820160","19/12/2017 16:34:50","23/10/2024 09:56:06","19/12/2017 16:34:50","z:\","2789","10.41 GB"
"z:\UVHD-S-1-5-21-1942362167-1422280307-2661674361-1209.vhdx",".vhdx","23861395456","21/11/2019 09:27:16","11/06/2025 18:51:54","21/11/2019 09:27:16","z:\","2087","22.22 GB"
"z:\UVHD-S-1-5-21-1942362167-1422280307-2661674361-1215.vhdx",".vhdx","1681915904","28/02/2020 15:11:41","20/08/2024 09:35:40","28/02/2020 15:11:41","z:\","1988","1.57 GB"
"z:\UVHD-S-1-5-21-1942362167-1422280307-2661674361-1222.vhdx",".vhdx","6949961728","07/04/2020 15:14:06","01/07/2024 09:59:15","07/04/2020 15:14:06","z:\","1949","6.47 GB"
"z:\UVHD-S-1-5-21-1942362167-1422280307-2661674361-1232.vhdx",".vhdx","14600372224","11/05/2020 12:28:58","08/08/2025 16:39:46","11/05/2020 12:28:58","z:\","1915","13.60 GB"
"z:\UVHD-S-1-5-21-1942362167-1422280307-2661674361-1262.vhdx",".vhdx","20002635776","11/05/2021 11:06:53","16/05/2025 19:13:11","11/05/2021 11:06:53","z:\","1550","18.63 GB"
"z:\UVHD-S-1-5-21-1942362167-1422280307-2661674361-1263.vhdx",".vhdx","2319450112","12/05/2021 12:23:00","09/04/2025 09:46:55","12/05/2021 12:23:00","z:\","1549","2.16 GB"
"z:\UVHD-S-1-5-21-1942362167-1422280307-2661674361-1279.vhdx",".vhdx","12385779712","30/12/2021 12:11:49","08/08/2025 16:39:41","30/12/2021 12:11:49","z:\","1317","11.54 GB"
"z:\UVHD-S-1-5-21-1942362167-1422280307-2661674361-1280.vhdx",".vhdx","30270291968","12/12/2022 13:36:17","08/08/2025 16:39:41","12/12/2022 13:36:17","z:\","970","28.19 GB"
"z:\UVHD-S-1-5-21-1942362167-1422280307-2661674361-1299.vhdx",".vhdx","473956352","06/12/2022 13:41:01","06/12/2022 13:55:03","06/12/2022 13:41:01","z:\","976","452.00 MB"
"z:\UVHD-S-1-5-21-1942362167-1422280307-2661674361-1303.vhdx",".vhdx","1547698176","14/07/2022 12:06:24","20/06/2025 16:38:02","14/07/2022 12:06:24","z:\","1121","1.44 GB"
"z:\UVHD-S-1-5-21-1942362167-1422280307-2661674361-1379.vhdx",".vhdx","26445086720","22/01/2024 15:05:04","09/04/2025 09:38:48","22/01/2024 15:05:04","z:\","564","24.63 GB"
"z:\UVHD-S-1-5-21-1942362167-1422280307-2661674361-1385.vhdx",".vhdx","541065216","17/02/2023 11:42:12","09/03/2023 13:55:04","17/02/2023 11:42:12","z:\","903","516.00 MB"
"z:\UVHD-S-1-5-21-1942362167-1422280307-2661674361-1398.vhdx",".vhdx","107378376704","21/02/2023 16:07:55","08/08/2025 16:39:46","21/02/2023 16:07:55","z:\","899","100.00 GB"
"z:\UVHD-S-1-5-21-1942362167-1422280307-2661674361-1406.vhdx",".vhdx","574619648","30/03/2023 10:23:33","30/03/2023 16:56:39","30/03/2023 10:23:33","z:\","862","548.00 MB"
"z:\UVHD-S-1-5-21-1942362167-1422280307-2661674361-1413.vhdx",".vhdx","339738624","19/04/2023 15:25:24","19/04/2023 17:01:19","19/04/2023 15:25:24","z:\","842","324.00 MB"
"z:\UVHD-S-1-5-21-1942362167-1422280307-2661674361-1423.vhdx",".vhdx","9902751744","07/06/2023 12:03:36","08/08/2025 16:39:35","07/06/2023 12:03:36","z:\","793","9.22 GB"
"z:\UVHD-S-1-5-21-1942362167-1422280307-2661674361-1424.vhdx",".vhdx","809500672","02/06/2023 09:45:09","27/02/2024 10:58:42","02/06/2023 09:45:09","z:\","798","772.00 MB"
"z:\UVHD-S-1-5-21-1942362167-1422280307-2661674361-1462.vhdx",".vhdx","306184192","02/10/2023 11:37:30","02/10/2023 12:19:10","02/10/2023 11:37:30","z:\","676","292.00 MB"
"z:\UVHD-S-1-5-21-1942362167-1422280307-2661674361-1466.vhdx",".vhdx","15237906432","26/10/2023 09:27:26","08/08/2025 16:39:46","26/10/2023 09:27:26","z:\","652","14.19 GB"
"z:\UVHD-S-1-5-21-1942362167-1422280307-2661674361-1470.vhdx",".vhdx","339738624","28/11/2023 14:21:45","13/05/2024 17:08:17","28/11/2023 14:21:45","z:\","619","324.00 MB"
"z:\UVHD-S-1-5-21-1942362167-1422280307-2661674361-1483.vhdx",".vhdx","25371344896","22/01/2024 10:08:31","08/08/2025 16:39:46","22/01/2024 10:08:31","z:\","564","23.63 GB"
"z:\UVHD-S-1-5-21-1942362167-1422280307-2661674361-1614.vhdx",".vhdx","68857888768","24/05/2018 11:50:44","08/08/2025 16:30:44","24/05/2018 11:50:44","z:\","2633","64.13 GB"
"z:\UVHD-S-1-5-21-1942362167-1422280307-2661674361-1643.vhdx",".vhdx","9667870720","20/01/2020 14:42:56","31/07/2025 16:00:54","20/01/2020 14:42:56","z:\","2027","9.00 GB"
"z:\UVHD-S-1-5-21-1942362167-1422280307-2661674361-1647.vhdx",".vhdx","876609536","21/08/2019 10:08:21","15/02/2023 00:13:29","21/08/2019 10:08:21","z:\","2179","836.00 MB"
"z:\UVHD-S-1-5-21-1942362167-1422280307-2661674361-1652.vhdx",".vhdx","5574230016","19/06/2019 11:27:36","09/04/2025 09:38:49","19/06/2019 11:27:36","z:\","2242","5.19 GB"
"z:\UVHD-S-1-5-21-1942362167-1422280307-2661674361-1679.vhdx",".vhdx","6043992064","10/03/2021 09:41:35","17/07/2025 10:23:19","10/03/2021 09:41:35","z:\","1612","5.63 GB"
"z:\UVHD-S-1-5-21-564475846-1386099197-2843996979-500.vhdx",".vhdx","876609536","27/02/2020 16:28:40","10/05/2023 19:06:22","27/02/2020 16:28:40","z:\","1989","836.00 MB"
"z:\actifio\RASClient_Basic-x64.exe",".exe","63266792","10/05/2024 15:01:28","10/05/2024 12:09:12","10/05/2024 15:01:28","z:\actifio","455","60.34 MB"
"z:\Crowdstrike agent\rocky test\falcon-sensor-7.07.0-16206.el9.x86_64.rpm",".rpm","55233512","12/04/2024 11:16:11","12/04/2024 11:15:32","12/04/2024 11:16:11","z:\Crowdstrike agent\rocky test","483","52.67 MB"
"z:\DAMINDA\20.10R14.zip",".zip","510302192","13/12/2024 17:16:30","13/12/2024 17:17:10","14/05/2025 10:08:35","z:\DAMINDA","237","486.66 MB"
"z:\DAMINDA\asav9-20-3.zip",".zip","352005996","19/08/2024 10:22:39","16/08/2024 12:07:37","19/08/2024 10:22:39","z:\DAMINDA","354","335.70 MB"
"z:\DAMINDA\TiMOS-SR-22.10.R8.tgz",".tgz","1674119638","12/10/2024 21:14:40","12/10/2024 21:15:33","14/05/2025 10:08:39","z:\DAMINDA","299","1.56 GB"
"z:\DAMINDA\virt1-1.5.4.ova",".ova","723949568","25/01/2024 21:24:53","13/10/2022 13:17:16","25/01/2024 21:24:53","z:\DAMINDA","560","690.41 MB"
"z:\DAMINDA\asav9-20-3\boot.vmdk",".vmdk","354075648","19/08/2024 10:23:45","31/07/2024 00:14:07","19/08/2024 10:23:45","z:\DAMINDA\asav9-20-3","354","337.67 MB"
"z:\DAMINDA\Check Point\blink_image_1.1_Check_Point_R81.20_T631_JHF_T84_MultiDomainServer.tgz",".tgz","9881395200","20/10/2024 23:06:22","20/10/2024 23:20:51","20/10/2024 23:06:22","z:\DAMINDA\Check Point","291","9.20 GB"
"z:\DAMINDA\Check Point\Check_Point_R81_20_JUMBO_HF_MAIN_Bundle_T89_FULL.tar",".tar","2577838080","04/11/2024 23:50:06","04/11/2024 23:53:54","04/11/2024 23:50:06","z:\DAMINDA\Check Point","276","2.40 GB"
"z:\DAMINDA\Check Point\Check_Point_R81.20_T631_SmartConsole.exe",".exe","437744088","04/11/2024 23:34:30","04/11/2024 23:35:13","04/11/2024 23:34:30","z:\DAMINDA\Check Point","276","417.47 MB"
"z:\DAMINDA\Check Point\Check_Point_R81.20_T634.iso",".iso","4369711104","20/10/2024 23:39:19","20/10/2024 23:45:47","20/10/2024 23:39:19","z:\DAMINDA\Check Point","291","4.07 GB"
"z:\DAMINDA\Check Point\Check_Point_SmartConsole_R81_20_jumbo_HF_B659_Win.exe",".exe","436355056","04/11/2024 23:28:57","04/11/2024 23:29:39","04/11/2024 23:28:57","z:\DAMINDA\Check Point","276","416.14 MB"
"z:\DAMINDA\Nokia\20.10R1\nuage-210-wbx-20.10.1-58.tar.gz",".gz","574976177","12/12/2023 22:46:05","12/12/2023 23:32:34","13/12/2023 15:30:20","z:\DAMINDA\Nokia\20.10R1","604","548.34 MB"
"z:\DAMINDA\Nokia\20.10R1\nuage-elastic-20.10.1-58.tar.gz",".gz","2720904024","12/12/2023 22:47:48","13/12/2023 01:26:38","13/12/2023 15:30:24","z:\DAMINDA\Nokia\20.10R1","604","2.53 GB"
"z:\DAMINDA\Nokia\20.10R1\nuage-utility-host-ova-20.10.1-58.tar.gz",".gz","1144326285","12/12/2023 22:46:05","13/12/2023 00:14:55","13/12/2023 15:30:48","z:\DAMINDA\Nokia\20.10R1","604","1.07 GB"
"z:\DAMINDA\Nokia\20.10R1\nuage-vsd-migration-script-20.10.1-59.tar.gz",".gz","824834721","12/12/2023 22:46:07","12/12/2023 23:49:51","13/12/2023 15:31:02","z:\DAMINDA\Nokia\20.10R1","604","786.62 MB"
"z:\DAMINDA\Nokia\20.10R1\nuage-vsd-ova-20.10.1-59.tar.gz",".gz","4863750910","12/12/2023 23:49:51","13/12/2023 04:08:34","13/12/2023 15:31:07","z:\DAMINDA\Nokia\20.10R1","604","4.53 GB"
"z:\DAMINDA\Nokia\20.10R1\nuage-vsg-vsa-20.10.1-58.tar.gz",".gz","78012914","13/12/2023 00:15:24","13/12/2023 00:21:29","13/12/2023 15:31:41","z:\DAMINDA\Nokia\20.10R1","604","74.40 MB"
"z:\DAMINDA\Nokia\20.10R1\nuage-elastic-20.10.1-58\Nuage-elastic-20.10.1-58-bundle.bin",".bin","162066430","23/01/2024 23:31:32","29/10/2020 10:49:40","23/01/2024 23:31:32","z:\DAMINDA\Nokia\20.10R1\nuage-elastic-20.10.1-58","562","154.56 MB"
"z:\DAMINDA\Nokia\20.10R1\nuage-elastic-20.10.1-58.tar\nuage-elastic-20.10.1-58.tar",".tar","2785361920","23/01/2024 23:33:54","30/10/2020 20:03:49","23/01/2024 23:33:54","z:\DAMINDA\Nokia\20.10R1\nuage-elastic-20.10.1-58.tar","562","2.59 GB"
"z:\DAMINDA\Nokia\20.10R1\nuage-elastic-20.10.1-58.tar\nuage-elastic-20.10.1-58\Nuage-elastic-20.10.1-58-bundle.bin",".bin","162066430","23/01/2024 23:35:14","29/10/2020 10:49:40","23/01/2024 23:35:14","z:\DAMINDA\Nokia\20.10R1\nuage-elastic-20.10.1-58.tar\nuage-elastic-20.10.1-58","562","154.56 MB"
"z:\DAMINDA\Nokia\20.10R1\nuage-elastic-20.10.1-58.tar\nuage-elastic-20.10.1-58\Nuage-elastic-20.10.1-58.ova",".ova","1316826624","23/01/2024 23:35:14","29/10/2020 10:50:09","23/01/2024 23:35:14","z:\DAMINDA\Nokia\20.10R1\nuage-elastic-20.10.1-58.tar\nuage-elastic-20.10.1-58","562","1.23 GB"
"z:\DAMINDA\Nokia\20.10R1\nuage-elastic-20.10.1-58.tar\nuage-elastic-20.10.1-58\Nuage-elastic-20.10.1-58.qcow2",".qcow2","1306460160","23/01/2024 23:35:18","29/10/2020 10:50:38","23/01/2024 23:35:18","z:\DAMINDA\Nokia\20.10R1\nuage-elastic-20.10.1-58.tar\nuage-elastic-20.10.1-58","562","1.22 GB"
"z:\DAMINDA\Nokia\20.10R1\nuage-utility-host-ova-20.10.1-58.tar\nuage-utility-host-ova-20.10.1-58.tar",".tar","1176381440","14/12/2023 16:44:38","30/10/2020 20:08:09","14/12/2023 16:44:38","z:\DAMINDA\Nokia\20.10R1\nuage-utility-host-ova-20.10.1-58.tar","602","1.10 GB"
"z:\DAMINDA\Nokia\20.10R1\nuage-utility-host-ova-20.10.1-58.tar\nuage-utility-host-ova-20.10.1-58\nuage-utils-20.10.1-58.ova",".ova","1176371200","14/12/2023 16:44:59","29/10/2020 10:55:40","14/12/2023 16:44:59","z:\DAMINDA\Nokia\20.10R1\nuage-utility-host-ova-20.10.1-58.tar\nuage-utility-host-ova-20.10.1-58","602","1.10 GB"
"z:\DAMINDA\Nokia\20.10R1\nuage-vsd-migration-script-20.10.1-59.tar\nuage-vsd-migration-script-20.10.1-59.tar",".tar","840294400","14/12/2023 17:17:08","30/10/2020 20:02:51","14/12/2023 17:17:08","z:\DAMINDA\Nokia\20.10R1\nuage-vsd-migration-script-20.10.1-59.tar","602","801.37 MB"
"z:\DAMINDA\Nokia\20.10R1\nuage-vsd-migration-script-20.10.1-59.tar\nuage-vsd-migration-script-20.10.1-59\VSD-migration-scripts-20.10.1_59.iso",".iso","839706624","14/12/2023 17:17:56","30/10/2020 01:54:36","14/12/2023 17:17:56","z:\DAMINDA\Nokia\20.10R1\nuage-vsd-migration-script-20.10.1-59.tar\nuage-vsd-migration-script-20.10.1-59","602","800.81 MB"
"z:\DAMINDA\Nokia\20.10R1\nuage-vsd-ova-20.10.1-59.tar\nuage-vsd-ova-20.10.1-59.tar",".tar","4930795520","13/12/2023 18:30:20","30/10/2020 19:59:25","13/12/2023 18:30:20","z:\DAMINDA\Nokia\20.10R1\nuage-vsd-ova-20.10.1-59.tar","603","4.59 GB"
"z:\DAMINDA\Nokia\20.10R1\nuage-vsd-ova-20.10.1-59.tar\nuage-vsd-ova-20.10.1-59\VSD-20.10.1_59.ova",".ova","4930211840","13/12/2023 18:31:36","30/10/2020 01:51:58","13/12/2023 18:31:36","z:\DAMINDA\Nokia\20.10R1\nuage-vsd-ova-20.10.1-59.tar\nuage-vsd-ova-20.10.1-59","603","4.59 GB"
"z:\DAMINDA\Nokia\20.10R14\nuage-210-wbx-20.10.14-1928.tar.gz",".gz","579297444","12/12/2023 22:53:29","12/12/2023 23:36:58","12/12/2023 22:53:29","z:\DAMINDA\Nokia\20.10R14","604","552.46 MB"
"z:\DAMINDA\Nokia\20.10R14\nuage-elastic-20.10.14-1915.tar.gz",".gz","3600906858","12/12/2023 22:53:50","13/12/2023 01:28:51","12/12/2023 22:53:50","z:\DAMINDA\Nokia\20.10R14","604","3.35 GB"
"z:\DAMINDA\Nokia\20.10R14\nuage-utility-host-ova-20.10.14-1918.tar.gz",".gz","1453266169","12/12/2023 22:53:28","12/12/2023 23:35:24","12/12/2023 22:53:28","z:\DAMINDA\Nokia\20.10R14","604","1.35 GB"
"z:\DAMINDA\Nokia\20.10R14\nuage-vsd-migration-script-20.10.14-1919.tar.gz",".gz","1530626228","12/12/2023 22:54:53","13/12/2023 00:55:44","12/12/2023 22:54:53","z:\DAMINDA\Nokia\20.10R14","604","1.43 GB"
"z:\DAMINDA\Nokia\20.10R14\nuage-vsg-vsa-20.10.14-1928.tar.gz",".gz","79464715","12/12/2023 22:53:29","12/12/2023 22:59:48","12/12/2023 22:53:29","z:\DAMINDA\Nokia\20.10R14","604","75.78 MB"
"z:\DAMINDA\Nokia\20.10R14\nuage-210-wbx-20.10.14-1928.tar\nuage-210-wbx-20.10.14-1928.tar",".tar","603453440","14/12/2023 16:53:45","11/10/2023 18:30:00","14/12/2023 16:53:45","z:\DAMINDA\Nokia\20.10R14\nuage-210-wbx-20.10.14-1928.tar","602","575.50 MB"
"z:\DAMINDA\Nokia\20.10R14\nuage-210-wbx-20.10.14-1928.tar\nuage-210-wbx-20.10.14-1928\onie-installer-x86_64","","510291579","14/12/2023 16:54:14","10/10/2023 16:14:50","14/12/2023 16:54:14","z:\DAMINDA\Nokia\20.10R14\nuage-210-wbx-20.10.14-1928.tar\nuage-210-wbx-20.10.14-1928","602","486.65 MB"
"z:\DAMINDA\Nokia\20.10R14\nuage-210-wbx-20.10.14-1928.tar\nuage-210-wbx-20.10.14-1928\x86-both.tim",".tim","66008704","14/12/2023 16:54:15","10/10/2023 15:13:48","14/12/2023 16:54:15","z:\DAMINDA\Nokia\20.10R14\nuage-210-wbx-20.10.14-1928.tar\nuage-210-wbx-20.10.14-1928","602","62.95 MB"
"z:\DAMINDA\Nokia\20.10R14\nuage-elastic-20.10.14-1915\Nuage-elastic-20.10.14-1915-bundle.bin",".bin","334149496","23/01/2024 23:38:35","26/09/2023 13:16:19","23/01/2024 23:38:35","z:\DAMINDA\Nokia\20.10R14\nuage-elastic-20.10.14-1915","562","318.67 MB"
"z:\DAMINDA\Nokia\20.10R14\nuage-elastic-20.10.14-1915\Nuage-elastic-20.10.14-1915.ova",".ova","1890233856","23/01/2024 23:38:39","26/09/2023 13:15:50","23/01/2024 23:38:39","z:\DAMINDA\Nokia\20.10R14\nuage-elastic-20.10.14-1915","562","1.76 GB"
"z:\DAMINDA\Nokia\20.10R14\nuage-elastic-20.10.14-1915\Nuage-elastic-20.10.14-1915.qcow2",".qcow2","1447821312","23/01/2024 23:39:02","26/09/2023 13:16:46","23/01/2024 23:39:02","z:\DAMINDA\Nokia\20.10R14\nuage-elastic-20.10.14-1915","562","1.35 GB"
"z:\DAMINDA\Nokia\20.10R14\nuage-utility-host-ova-20.10.14-1918.tar\nuage-utility-host-ova-20.10.14-1918.tar",".tar","1491466240","01/02/2024 21:25:29","11/10/2023 18:32:13","01/02/2024 21:25:29","z:\DAMINDA\Nokia\20.10R14\nuage-utility-host-ova-20.10.14-1918.tar","553","1.39 GB"
"z:\DAMINDA\Nokia\20.10R14\nuage-utility-host-ova-20.10.14-1918.tar\nuage-utility-host-ova-20.10.14-1918\nuage-utils-20.10.14-1918.ova",".ova","1491456000","01/02/2024 21:26:35","29/09/2023 13:23:06","01/02/2024 21:26:35","z:\DAMINDA\Nokia\20.10R14\nuage-utility-host-ova-20.10.14-1918.tar\nuage-utility-host-ova-20.10.14-1918","553","1.39 GB"
"z:\DAMINDA\Nokia\20.10R5\nuage-elastic-20.10.5-275.tar.gz",".gz","2778973264","24/01/2024 09:48:48","24/01/2024 13:20:58","24/01/2024 09:48:48","z:\DAMINDA\Nokia\20.10R5","562","2.59 GB"
"z:\DAMINDA\Nokia\20.10R5\nuage-elastic-20.10.5-275.tar\nuage-elastic-20.10.5-275.tar",".tar","2846300160","24/01/2024 16:35:00","28/06/2021 21:46:12","24/01/2024 16:35:00","z:\DAMINDA\Nokia\20.10R5\nuage-elastic-20.10.5-275.tar","562","2.65 GB"
"z:\DAMINDA\Nokia\20.10R5\nuage-elastic-20.10.5-275.tar\nuage-elastic-20.10.5-275\Nuage-elastic-20.10.5-275-bundle.bin",".bin","162064670","24/01/2024 16:35:38","28/05/2021 04:26:05","24/01/2024 16:35:38","z:\DAMINDA\Nokia\20.10R5\nuage-elastic-20.10.5-275.tar\nuage-elastic-20.10.5-275","562","154.56 MB"
"z:\DAMINDA\Nokia\20.10R5\nuage-elastic-20.10.5-275.tar\nuage-elastic-20.10.5-275\Nuage-elastic-20.10.5-275.ova",".ova","1358894592","24/01/2024 16:35:39","28/05/2021 04:26:29","24/01/2024 16:35:39","z:\DAMINDA\Nokia\20.10R5\nuage-elastic-20.10.5-275.tar\nuage-elastic-20.10.5-275","562","1.27 GB"
"z:\DAMINDA\Nokia\20.10R5\nuage-elastic-20.10.5-275.tar\nuage-elastic-20.10.5-275\Nuage-elastic-20.10.5-275.qcow2",".qcow2","1325334528","24/01/2024 16:35:43","28/05/2021 04:26:51","24/01/2024 16:35:43","z:\DAMINDA\Nokia\20.10R5\nuage-elastic-20.10.5-275.tar\nuage-elastic-20.10.5-275","562","1.23 GB"
"z:\DAMINDA\Nokia\20.10R6\nuage-210-wbx-20.10.6-360.tar.gz",".gz","577677726","13/12/2023 16:24:21","13/12/2023 16:37:11","13/12/2023 18:16:29","z:\DAMINDA\Nokia\20.10R6","604","550.92 MB"
"z:\DAMINDA\Nokia\20.10R6\nuage-utility-host-ova-20.10.6-344.tar.gz",".gz","1319272445","13/12/2023 16:24:49","13/12/2023 18:02:33","13/12/2023 18:16:31","z:\DAMINDA\Nokia\20.10R6","604","1.23 GB"
"z:\DAMINDA\Nokia\20.10R6\nuage-vsd-migration-script-20.10.6-353.tar.gz",".gz","853346331","13/12/2023 16:24:05","13/12/2023 16:40:07","13/12/2023 18:16:33","z:\DAMINDA\Nokia\20.10R6","604","813.81 MB"
"z:\DAMINDA\Nokia\20.10R6\nuage-vsg-vsa-20.10.6-360.tar.gz",".gz","78118853","13/12/2023 16:25:06","13/12/2023 16:26:29","13/12/2023 18:16:35","z:\DAMINDA\Nokia\20.10R6","604","74.50 MB"
"z:\DAMINDA\Nokia\20.10R6\nuage-210-wbx-20.10.6-360.tar\nuage-210-wbx-20.10.6-360.tar",".tar","601743360","14/12/2023 16:54:33","10/09/2021 08:07:29","14/12/2023 16:54:33","z:\DAMINDA\Nokia\20.10R6\nuage-210-wbx-20.10.6-360.tar","602","573.87 MB"
"z:\DAMINDA\Nokia\20.10R6\nuage-210-wbx-20.10.6-360.tar\nuage-210-wbx-20.10.6-360\onie-installer-x86_64","","508649273","14/12/2023 16:55:01","09/09/2021 10:54:06","14/12/2023 16:55:01","z:\DAMINDA\Nokia\20.10R6\nuage-210-wbx-20.10.6-360.tar\nuage-210-wbx-20.10.6-360","602","485.09 MB"
"z:\DAMINDA\Nokia\20.10R6\nuage-210-wbx-20.10.6-360.tar\nuage-210-wbx-20.10.6-360\x86-both.tim",".tim","66050176","14/12/2023 16:55:02","09/09/2021 09:16:15","14/12/2023 16:55:02","z:\DAMINDA\Nokia\20.10R6\nuage-210-wbx-20.10.6-360.tar\nuage-210-wbx-20.10.6-360","602","62.99 MB"
"z:\DAMINDA\Nokia\20.10R6\nuage-utility-host-ova-20.10.6-344.tar\nuage-utility-host-ova-20.10.6-344.tar",".tar","1366865920","14/12/2023 16:48:33","09/09/2021 23:57:18","14/12/2023 16:48:33","z:\DAMINDA\Nokia\20.10R6\nuage-utility-host-ova-20.10.6-344.tar","602","1.27 GB"
"z:\DAMINDA\Nokia\20.10R6\nuage-utility-host-ova-20.10.6-344.tar\nuage-utility-host-ova-20.10.6-344\nuage-utils-20.10.6-344.ova",".ova","1366855680","14/12/2023 16:48:56","12/08/2021 04:21:10","14/12/2023 16:48:56","z:\DAMINDA\Nokia\20.10R6\nuage-utility-host-ova-20.10.6-344.tar\nuage-utility-host-ova-20.10.6-344","602","1.27 GB"
"z:\DAMINDA\Nokia\5.4.1U8\nuage-210-wbx-5.4.1-287.tar.gz",".gz","564349784","12/12/2023 11:35:47","12/12/2023 11:47:55","13/12/2023 15:30:13","z:\DAMINDA\Nokia\5.4.1U8","605","538.21 MB"
"z:\DAMINDA\Nokia\5.4.1U8\nuage-vsd-migration-script-5.4.1-272.tar.gz",".gz","617490499","12/12/2023 11:35:45","12/12/2023 12:22:58","13/12/2023 15:30:16","z:\DAMINDA\Nokia\5.4.1U8","605","588.88 MB"
"z:\DAMINDA\Nokia\5.4.1U8\nuage-vsg-vsa-5.4.1-287.tar.gz",".gz","85275723","12/12/2023 11:35:46","12/12/2023 11:42:52","13/12/2023 15:30:19","z:\DAMINDA\Nokia\5.4.1U8","605","81.33 MB"
"z:\DAMINDA\Nokia\5.4.1U8\nuage-210-wbx-5.4.1-287.tar\nuage-210-wbx-5.4.1-287.tar",".tar","564623360","16/02/2024 10:12:27","05/12/2019 18:49:06","16/02/2024 10:12:27","z:\DAMINDA\Nokia\5.4.1U8\nuage-210-wbx-5.4.1-287.tar","539","538.47 MB"
"z:\DAMINDA\Nokia\5.4.1U8\nuage-210-wbx-5.4.1-287.tar\nuage-210-wbx-5.4.1-287\onie-installer-x86_64","","501846847","16/02/2024 10:12:37","28/11/2019 07:50:55","16/02/2024 10:12:37","z:\DAMINDA\Nokia\5.4.1U8\nuage-210-wbx-5.4.1-287.tar\nuage-210-wbx-5.4.1-287","539","478.60 MB"
"z:\DAMINDA\Nokia\5.4.1U8\nuage-210-wbx-5.4.1-287.tar\nuage-210-wbx-5.4.1-287\x86-both.tim",".tim","62679744","16/02/2024 10:12:38","28/11/2019 07:08:46","16/02/2024 10:12:38","z:\DAMINDA\Nokia\5.4.1U8\nuage-210-wbx-5.4.1-287.tar\nuage-210-wbx-5.4.1-287","539","59.78 MB"
"z:\DAMINDA\ocp-4.12\rhcos-4.12.10-ppc64le-live.ppc64le.iso",".iso","1159122944","22/04/2023 10:18:54","22/04/2023 10:20:38","22/04/2023 10:18:54","z:\DAMINDA\ocp-4.12","839","1.08 GB"
"z:\DAMINDA\ocp-4.12\rhcos-4.12.10-ppc64le-openstack.ppc64le.qcow2.gz",".gz","1121452198","22/04/2023 10:20:48","22/04/2023 10:22:29","22/04/2023 10:20:48","z:\DAMINDA\ocp-4.12","839","1.04 GB"
"z:\DAMINDA\ocp-4.12\rhcos-live.ppc64le.iso",".iso","1159122944","22/04/2023 10:16:03","22/04/2023 10:17:48","22/04/2023 10:16:03","z:\DAMINDA\ocp-4.12","839","1.08 GB"
"z:\DAMINDA\openshift\cEOS-lab-4.28.0F.tar",".tar","463988340","13/03/2025 00:04:05","03/12/2024 12:42:55","13/03/2025 00:04:05","z:\DAMINDA\openshift","148","442.49 MB"
"z:\DAMINDA\openshift\cEOS-lab-4.33.2F.tar",".tar","2216550400","12/03/2025 23:31:05","11/03/2025 23:44:50","12/03/2025 23:31:05","z:\DAMINDA\openshift","148","2.06 GB"
"z:\DAMINDA\openshift\Check_Point_SmartConsole_R81_20_jumbo_HF_B660_Win.exe",".exe","436394992","15/11/2024 16:03:29","15/11/2024 16:04:11","15/11/2024 16:03:29","z:\DAMINDA\openshift","266","416.18 MB"
"z:\DAMINDA\openshift\Check_Point_SmartConsole_R81_20_jumbo_HF_B661_Win_portable.zip",".zip","332393730","20/02/2025 11:48:27","20/02/2025 11:48:56","20/02/2025 11:48:27","z:\DAMINDA\openshift","169","317.00 MB"
"z:\DAMINDA\openshift\check-mk-managed-2.2.0p20-3-x86_64.cma",".cma","352455155","25/01/2024 22:16:50","25/01/2024 22:18:17","25/01/2024 22:16:50","z:\DAMINDA\openshift","560","336.13 MB"
"z:\DAMINDA\openshift\EVE-NG-Win-Client-Pack-2.0.exe",".exe","64177487","25/09/2024 10:21:54","25/09/2024 10:21:59","25/09/2024 10:21:54","z:\DAMINDA\openshift","317","61.20 MB"
"z:\DAMINDA\openshift\openshift-client-linux (2).tar.gz",".gz","55161439","31/03/2023 10:58:49","31/03/2023 10:58:54","31/03/2023 10:58:49","z:\DAMINDA\openshift","861","52.61 MB"
"z:\DAMINDA\openshift\openshift-client-linux.tar.gz",".gz","55162036","22/02/2023 09:57:45","22/02/2023 09:58:37","22/02/2023 09:57:45","z:\DAMINDA\openshift","898","52.61 MB"
"z:\DAMINDA\openshift\openshift-install-linux (1).tar.gz",".gz","303483858","31/03/2023 10:59:07","31/03/2023 10:59:50","31/03/2023 10:59:07","z:\DAMINDA\openshift","861","289.42 MB"
"z:\DAMINDA\openshift\openshift-install-linux (2).tar.gz",".gz","303529314","13/04/2023 10:13:51","13/04/2023 10:14:19","13/04/2023 10:13:51","z:\DAMINDA\openshift","848","289.47 MB"
"z:\DAMINDA\openshift\openshift-install-linux-amd64 (1).tar.gz",".gz","350215953","22/04/2023 22:21:12","22/04/2023 22:21:44","22/04/2023 22:21:12","z:\DAMINDA\openshift","838","333.99 MB"
"z:\DAMINDA\openshift\openshift-install-linux-amd64.tar.gz",".gz","350148795","22/02/2023 09:57:28","22/02/2023 09:58:30","22/02/2023 09:57:28","z:\DAMINDA\openshift","898","333.93 MB"
"z:\DAMINDA\openshift\openshift-install-linux.tar.gz",".gz","303468720","22/02/2023 09:57:32","22/02/2023 09:58:32","22/02/2023 09:57:32","z:\DAMINDA\openshift","898","289.41 MB"
"z:\DAMINDA\openshift\virt1-1.6.8.ova",".ova","728605696","25/01/2024 22:14:41","25/01/2024 22:17:51","25/01/2024 22:14:41","z:\DAMINDA\openshift","560","694.85 MB"
"z:\DAMINDA\openshift\Check_Point_SmartConsole_R81_20_jumbo_HF_B661_Win_portable\libcef.dll",".dll","85372416","18/12/2024 14:45:57","18/12/2024 14:45:58","18/12/2024 14:45:58","z:\DAMINDA\openshift\Check_Point_SmartConsole_R81_20_jumbo_HF_B661_Win_portable","233","81.42 MB"
"z:\DAMINDA\openshift\Check_Point_SmartConsole_R81_20_jumbo_HF_B661_Win_portable\data\dlc\app_images.zip",".zip","54809274","18/12/2024 14:45:54","18/12/2024 14:52:32","18/12/2024 14:52:32","z:\DAMINDA\openshift\Check_Point_SmartConsole_R81_20_jumbo_HF_B661_Win_portable\data\dlc","233","52.27 MB"
"z:\DAMINDA\TiMOS-SR-22.10.R8\both.tim",".tim","298940412","23/07/2024 09:53:46","27/03/2024 16:18:24","23/07/2024 09:53:46","z:\DAMINDA\TiMOS-SR-22.10.R8","381","285.09 MB"
"z:\DAMINDA\TiMOS-SR-22.10.R8\cpm.tim",".tim","385993392","23/07/2024 09:54:38","27/03/2024 16:17:54","23/07/2024 09:54:38","z:\DAMINDA\TiMOS-SR-22.10.R8","381","368.11 MB"
"z:\DAMINDA\TiMOS-SR-22.10.R8\hypervisors.tim",".tim","145539872","23/07/2024 09:55:48","27/03/2024 16:19:24","23/07/2024 09:55:48","z:\DAMINDA\TiMOS-SR-22.10.R8","381","138.80 MB"
"z:\DAMINDA\TiMOS-SR-22.10.R8\iom.tim",".tim","143457360","23/07/2024 09:56:11","27/03/2024 16:07:16","23/07/2024 09:56:11","z:\DAMINDA\TiMOS-SR-22.10.R8","381","136.81 MB"
"z:\DAMINDA\TiMOS-SR-22.10.R8\kernel.tim",".tim","156876854","23/07/2024 09:56:43","27/03/2024 17:09:36","23/07/2024 09:56:43","z:\DAMINDA\TiMOS-SR-22.10.R8","381","149.61 MB"
"z:\DAMINDA\TiMOS-SR-22.10.R8\support.tim",".tim","570613120","23/07/2024 09:57:07","27/03/2024 16:05:48","23/07/2024 09:57:07","z:\DAMINDA\TiMOS-SR-22.10.R8","381","544.18 MB"
"z:\Davidk\B_GROUP1_01_IBM_i_RS_740-00_LCD8_2554_00.udf",".udf","3126853632","27/06/2024 14:49:17","19/06/2019 20:44:10","27/06/2024 14:49:17","z:\Davidk","407","2.91 GB"
"z:\Davidk\B_GROUP1_03_IBM_i_RS_740-00_LCD8_2559_00.udf",".udf","761266176","27/06/2024 14:28:32","19/06/2019 20:48:30","27/06/2024 14:28:32","z:\Davidk","407","726.00 MB"
"z:\Davidk\B_GROUP1_04_IBM_i_RS_740-00_LCD8_2561_00.udf",".udf","3165650944","27/06/2024 14:32:14","19/06/2019 20:50:54","27/06/2024 14:32:14","z:\Davidk","407","2.95 GB"
"z:\Davidk\B_GROUP1_05_IBM_i_RS_740-00_LCD8_2562_00.udf",".udf","898629632","27/06/2024 14:45:19","19/06/2019 20:52:14","27/06/2024 14:45:19","z:\Davidk","407","857.00 MB"
"z:\Davidk\I_BASE_01_Licensed_Machine_Code_RS_740-E_LCD8_2553_04.udf",".udf","2496430080","27/06/2024 13:58:46","12/11/2020 19:45:26","27/06/2024 13:58:46","z:\Davidk","407","2.32 GB"
"z:\Davidk\28022020-dl\IBMiAccess_v1r1.zip",".zip","128074995","28/02/2020 15:24:26","28/02/2020 15:23:54","28/02/2020 15:24:26","z:\Davidk\28022020-dl","1988","122.14 MB"
"z:\Davidk\28022020-dl\IBMiAccess_v1r1\acsbundle.jar",".jar","124871400","28/02/2020 16:19:53","02/12/2019 17:05:29","28/02/2020 16:19:53","z:\Davidk\28022020-dl\IBMiAccess_v1r1","1988","119.09 MB"
"z:\Davidk\CSM633\csm-setup-6.3.3.0-win.exe",".exe","617339349","09/08/2022 08:56:35","08/08/2022 15:11:01","09/08/2022 08:56:35","z:\Davidk\CSM633","1095","588.74 MB"
"z:\Doubletake\DoubleTake_8.2.0.1124.0.exe",".exe","241283624","01/08/2018 15:50:01","01/08/2018 15:25:21","01/08/2018 15:50:01","z:\Doubletake","2564","230.11 MB"
"z:\F5\BIGIP-12.1.5-0.0.6.ALL-scsi.ova",".ova","1334978560","27/02/2020 15:43:50","27/02/2020 15:43:27","27/02/2020 15:43:50","z:\F5","1989","1.24 GB"
"z:\ICOS\photon-hw11-4.0-1526e30ba0.ova",".ova","244695040","21/07/2021 12:42:12","21/07/2021 12:42:38","21/07/2021 12:42:12","z:\ICOS","1479","233.36 MB"
"z:\ICOS\ICOS\clevos-3.13.6.36-accesser-container.tar.gz",".gz","735824944","05/10/2018 07:28:30","25/10/2018 11:32:45","05/10/2018 07:28:30","z:\ICOS\ICOS","2499","701.74 MB"
"z:\ICOS\ICOS\clevos-3.13.6.36-accesser-usbiso.iso",".iso","511180800","05/10/2018 07:46:32","25/10/2018 11:32:58","05/10/2018 07:46:32","z:\ICOS\ICOS","2499","487.50 MB"
"z:\ICOS\ICOS\clevos-3.13.6.36-accesser.ova",".ova","450489856","05/10/2018 08:00:00","25/10/2018 11:33:09","05/10/2018 08:00:00","z:\ICOS\ICOS","2499","429.62 MB"
"z:\ICOS\ICOS\clevos-3.13.6.36-manager-container.tar.gz",".gz","1685434917","05/10/2018 09:45:34","25/10/2018 11:35:10","05/10/2018 09:45:34","z:\ICOS\ICOS","2499","1.57 GB"
"z:\ICOS\ICOS\clevos-3.13.6.36-manager.ova",".ova","907329024","05/10/2018 10:12:04","25/10/2018 11:35:53","05/10/2018 10:12:04","z:\ICOS\ICOS","2499","865.30 MB"
"z:\ICOS\ICOS\clevos-3.13.6.36-slicestor.ova",".ova","449789440","05/10/2018 10:24:12","25/10/2018 11:36:16","05/10/2018 10:24:12","z:\ICOS\ICOS","2499","428.95 MB"
"z:\ICOS\ICOS\clevos-3.13.6.36-upgrader.zip",".zip","2507323428","05/10/2018 10:58:06","25/10/2018 11:37:14","05/10/2018 10:58:06","z:\ICOS\ICOS","2499","2.34 GB"
"z:\ICOS\LAB\clevos-3.13.6.36-manager.ova",".ova","907329024","17/09/2019 16:22:10","25/10/2018 11:35:53","17/09/2019 16:22:10","z:\ICOS\LAB","2152","865.30 MB"
"z:\ICOS\LAB\clevos-3.13.6.36-slicestor.ova",".ova","449789440","17/09/2019 16:22:08","25/10/2018 11:36:16","17/09/2019 16:22:08","z:\ICOS\LAB","2152","428.95 MB"
"z:\iso\community_community-x64_3.3.2_recovery_softwarex86-64_20201101220035.iso",".iso","376438784","07/03/2024 16:11:54","07/03/2024 16:13:49","07/03/2024 16:11:54","z:\iso","519","359.00 MB"
"z:\iso\ipfire-2.29-core183-x86_64.iso",".iso","433061888","07/03/2024 14:20:18","07/03/2024 14:23:54","07/03/2024 14:20:18","z:\iso","519","413.00 MB"
"z:\iso\OPNsense-24.1-dvd-amd64.iso.bz2",".bz2","465189610","07/03/2024 16:15:44","07/03/2024 16:16:53","07/03/2024 16:15:44","z:\iso","519","443.64 MB"
"z:\iso\Zerto Cloud Manager Installer_10.0.30.5764.zip",".zip","152402102","07/03/2024 16:08:14","07/03/2024 16:10:54","07/03/2024 16:08:14","z:\iso","519","145.34 MB"
"z:\iso\zvml-10.0.30.1447.zip",".zip","8621559761","07/03/2024 16:07:50","07/03/2024 18:38:30","07/03/2024 16:07:50","z:\iso","519","8.03 GB"
"z:\iso\CentOS_7.7.1908_VMM\CentOS_7.7.1908_VMware_Minimal_Installation_Image_LinuxVMImages-disk1.vmdk",".vmdk","963239424","07/02/2023 14:53:39","26/12/2019 19:06:10","07/02/2023 14:53:39","z:\iso\CentOS_7.7.1908_VMM","913","918.62 MB"
"z:\iso\Citrix\connector-appliance (1).ova",".ova","440176640","29/07/2024 14:07:25","29/07/2024 14:08:09","29/07/2024 14:07:25","z:\iso\Citrix","375","419.79 MB"
"z:\iso\Citrix\connector-appliance.ova",".ova","440176640","25/07/2024 15:00:37","25/07/2024 15:00:00","25/07/2024 15:00:37","z:\iso\Citrix","379","419.79 MB"
"z:\iso\Citrix\VDAServerSetup_2402.exe",".exe","881645704","26/07/2024 16:04:16","26/07/2024 16:05:45","26/07/2024 16:04:16","z:\iso\Citrix","378","840.80 MB"
"z:\iso\Free-VLM-VMware-OVF-64bit\Free-VLM-VMware-OVF-64bit\LoadMaster-VLM-7.2.58.0.21782.RELEASE-VMware-OVF-FREE.vmdk",".vmdk","135188992","03/11/2022 16:09:48","19/10/2022 11:24:26","03/11/2022 16:09:48","z:\iso\Free-VLM-VMware-OVF-64bit\Free-VLM-VMware-OVF-64bit","1009","128.93 MB"
"z:\iso\NestedLabs\Nested_ESXi6.7u3_Appliance_Template_v1.ova",".ova","507458560","08/03/2024 09:56:37","08/03/2024 09:57:23","08/03/2024 09:56:37","z:\iso\NestedLabs","518","483.95 MB"
"z:\iso\NestedLabs\Nested_ESXi8.0_IA_Appliance_Template_v2.ova",".ova","908661760","22/11/2023 10:02:02","22/11/2023 10:05:28","22/11/2023 10:02:02","z:\iso\NestedLabs","625","866.57 MB"
"z:\iso\NestedLabs\tinylinux.vhdx",".vhdx","83886080","31/03/2025 12:59:15","31/03/2025 12:59:16","31/03/2025 12:59:15","z:\iso\NestedLabs","130","80.00 MB"
"z:\iso\NestedLabs\VMware-Cloud-Director-Availability-On-Premises-4.6.1.7681624-a5359f8567_OVF10.ova",".ova","417689600","22/11/2023 15:04:05","22/11/2023 15:04:47","22/11/2023 15:04:05","z:\iso\NestedLabs","625","398.34 MB"
"z:\iso\NestedLabs\VMware-VCSA-all-8.0.0-20519528.iso",".iso","8528463872","22/11/2023 10:01:20","22/11/2023 10:15:19","22/11/2023 10:01:20","z:\iso\NestedLabs","625","7.94 GB"
"z:\iso\NestedLabs\VMware-VCSA-all-8.0.0-20519528\migration-assistant\cis-upgrade-runner.msi",".msi","90718752","22/11/2023 11:02:16","24/09/2022 17:34:22","22/11/2023 11:02:16","z:\iso\NestedLabs\VMware-VCSA-all-8.0.0-20519528\migration-assistant","625","86.52 MB"
"z:\iso\NestedLabs\VMware-VCSA-all-8.0.0-20519528\vcsa\VMware-vCenter-Server-Appliance-8.0.0.10000-20519528_OVF10.ova",".ova","6662014464","22/11/2023 11:02:17","24/09/2022 22:22:04","22/11/2023 11:02:17","z:\iso\NestedLabs\VMware-VCSA-all-8.0.0-20519528\vcsa","625","6.20 GB"
"z:\iso\NestedLabs\VMware-VCSA-all-8.0.0-20519528\vcsa-ui-installer\lin64\installer","","149616696","22/11/2023 11:06:57","15/09/2022 11:50:20","22/11/2023 11:06:57","z:\iso\NestedLabs\VMware-VCSA-all-8.0.0-20519528\vcsa-ui-installer\lin64","625","142.69 MB"
"z:\iso\NestedLabs\VMware-VCSA-all-8.0.0-20519528\vcsa-ui-installer\mac\Installer.app\Contents\Frameworks\Electron Framework.framework\Electron Framework","","141036480","22/11/2023 11:07:07","15/09/2022 11:52:36","22/11/2023 11:07:07","z:\iso\NestedLabs\VMware-VCSA-all-8.0.0-20519528\vcsa-ui-installer\mac\Installer.app\Contents\Frameworks\Electron Framework.framework","625","134.50 MB"
"z:\iso\NestedLabs\VMware-VCSA-all-8.0.0-20519528\vcsa-ui-installer\win32\installer.exe",".exe","128402584","22/11/2023 11:07:16","15/09/2022 11:53:26","22/11/2023 11:07:16","z:\iso\NestedLabs\VMware-VCSA-all-8.0.0-20519528\vcsa-ui-installer\win32","625","122.45 MB"
"z:\iso\NestedLabs\WindowsLabs\internal-windows-server-2022-datacenter-dexp-v24.03-1.vmdk",".vmdk","8130830848","11/03/2024 16:29:54","11/03/2024 16:48:27","11/03/2024 16:29:54","z:\iso\NestedLabs\WindowsLabs","515","7.57 GB"
"z:\iso\NestedLabs\WindowsLabs\PowerShellUniversal.4.2.14.msi",".msi","135798784","27/03/2024 11:31:47","27/03/2024 11:36:56","27/03/2024 11:31:47","z:\iso\NestedLabs\WindowsLabs","499","129.51 MB"
"z:\iso\Nutanix\Nutanix-VirtIO-1.1.5.iso",".iso","59068416","08/04/2022 08:43:13","08/04/2022 08:43:20","08/04/2022 08:43:13","z:\iso\Nutanix","1218","56.33 MB"
"z:\iso\OPNsense-24.1-dvd-amd64.iso\OPNsense-24.1-dvd-amd64.iso",".iso","1983211520","07/03/2024 16:16:59","07/03/2024 16:16:53","07/03/2024 16:16:59","z:\iso\OPNsense-24.1-dvd-amd64.iso","519","1.85 GB"
"z:\iso\Oracle\virt-viewer-x86-11.0-1.0.msi",".msi","84810240","10/03/2022 09:45:01","10/03/2022 09:47:01","10/03/2022 09:45:01","z:\iso\Oracle","1247","80.88 MB"
"z:\iso\Power\ubuntu-22.04.3-live-server-ppc64el.iso",".iso","2171514880","06/12/2023 11:02:09","06/12/2023 11:05:46","06/12/2023 11:09:26","z:\iso\Power","611","2.02 GB"
"z:\iso\sr630bomc\bootable.iso",".iso","5171070976","21/06/2024 14:33:46","21/06/2024 14:29:48","21/06/2024 14:33:46","z:\iso\sr630bomc","413","4.82 GB"
"z:\iso\vHMC\vHMC_v10.2.1030.0-x86_ESXI_6.5_122022_LCD8266901.tar",".tar","6547445760","16/11/2023 13:22:50","16/11/2023 13:35:15","16/11/2023 14:21:19","z:\iso\vHMC","631","6.10 GB"
"z:\iso\vHMC\vHMC_v10.2.1030.0-x86_ESXI_6.5_122022_LCD8266901\vHMC.ova",".ova","6516092928","16/11/2023 14:21:45","16/11/2022 05:43:37","16/11/2023 14:21:45","z:\iso\vHMC\vHMC_v10.2.1030.0-x86_ESXI_6.5_122022_LCD8266901","631","6.07 GB"
"z:\iso\vmware-image-build\VMware-PowerCLI-11.4.0-14413515.zip",".zip","93190039","08/12/2020 15:28:43","08/12/2020 13:15:58","08/12/2020 15:28:43","z:\iso\vmware-image-build","1704","88.87 MB"
"z:\iso\vmware-image-build\tmp\ESXi650-201908001.zip",".zip","320860534","08/12/2020 15:18:51","08/12/2020 15:12:56","08/12/2020 15:18:51","z:\iso\vmware-image-build\tmp","1704","306.00 MB"
"z:\iso\win11\Win11Tiny-1.vmdk",".vmdk","11015759360","29/02/2024 13:13:20","29/02/2024 13:23:51","29/02/2024 13:13:20","z:\iso\win11","526","10.26 GB"
"z:\iso\zvml-10.0.30.1447\zvml-10.0.30.1447\zvml-build-z10_u3-10.0.30.1447.ova",".ova","8732897280","11/03/2024 11:53:22","11/02/2024 12:25:04","11/03/2024 11:53:22","z:\iso\zvml-10.0.30.1447\zvml-10.0.30.1447","515","8.13 GB"
"z:\itheoninstall\Advanced Monitoring\iAMServers\Agent_Upgrade.zip",".zip","80261539","27/03/2019 11:34:42","26/03/2019 14:43:33","27/03/2019 11:34:42","z:\itheoninstall\Advanced Monitoring\iAMServers","2326","76.54 MB"
"z:\jon\TiMOS-20.10.R9\both.tim",".tim","166470208","28/07/2022 08:51:51","22/04/2022 09:47:26","28/07/2022 08:51:51","z:\jon\TiMOS-20.10.R9","1107","158.76 MB"
"z:\jon\TiMOS-20.10.R9\cpm.tim",".tim","438423364","28/07/2022 08:52:28","05/05/2022 09:59:28","28/07/2022 08:52:28","z:\jon\TiMOS-20.10.R9","1107","418.11 MB"
"z:\jon\TiMOS-20.10.R9\hypervisors.tim",".tim","82843392","28/07/2022 08:54:07","22/04/2022 09:49:56","28/07/2022 08:54:07","z:\jon\TiMOS-20.10.R9","1107","79.01 MB"
"z:\jon\TiMOS-20.10.R9\iom.tim",".tim","191386052","28/07/2022 08:54:25","05/05/2022 10:00:40","28/07/2022 08:54:25","z:\jon\TiMOS-20.10.R9","1107","182.52 MB"
"z:\jon\TiMOS-20.10.R9\kernel.tim",".tim","68113106","28/07/2022 08:55:05","22/04/2022 09:51:22","28/07/2022 08:55:05","z:\jon\TiMOS-20.10.R9","1107","64.96 MB"
"z:\jon\TiMOS-20.10.R9\support.tim",".tim","413083328","28/07/2022 08:55:30","05/05/2022 10:03:10","28/07/2022 08:55:30","z:\jon\TiMOS-20.10.R9","1107","393.95 MB"
"z:\lenovodrivers\nic\intc-lnvgy_dd_nic_net-29.1-0-a_windows_x86-64.exe",".exe","87005880","01/11/2024 15:15:21","01/11/2024 15:15:05","01/11/2024 15:15:21","z:\lenovodrivers\nic","280","82.98 MB"
"z:\lenovodrivers\repo\intc-lnvgy_dd_nic_net-29.1-0-a_windows_x86-64.exe",".exe","87005880","03/10/2024 08:42:19","03/10/2024 08:43:32","03/10/2024 08:42:19","z:\lenovodrivers\repo","309","82.98 MB"
"z:\lenovodrivers\repo\lnvgy_fw_drives_all-1.50.78-0-a_windows_x86-64.exe",".exe","434000752","03/10/2024 08:40:13","03/10/2024 08:44:57","03/10/2024 08:40:13","z:\lenovodrivers\repo","309","413.90 MB"
"z:\lenovodrivers\repo\lnvgy_fw_drvln_pdl250b-2.12_anyos_noarch.uxz",".uxz","144740590","03/10/2024 08:40:14","03/10/2024 08:42:03","03/10/2024 08:40:14","z:\lenovodrivers\repo","309","138.04 MB"
"z:\lenovodrivers\repo\lnvgy_fw_drvwn_pdl350b-2.12_anyos_noarch.uxz",".uxz","112234734","03/10/2024 08:41:39","03/10/2024 08:43:01","03/10/2024 08:41:39","z:\lenovodrivers\repo","309","107.04 MB"
"z:\lenovodrivers\repo\lnvgy_fw_lxpm_pdl124i-1.80_anyos_noarch.uxz",".uxz","62951660","03/10/2024 08:43:09","03/10/2024 08:43:51","03/10/2024 08:43:09","z:\lenovodrivers\repo","309","60.04 MB"
"z:\lenovodrivers\repo\lnvgy_fw_lxpm_pdl150c-2.12_anyos_noarch.uxz",".uxz","62951660","03/10/2024 08:43:05","03/10/2024 08:44:03","03/10/2024 08:43:05","z:\lenovodrivers\repo","309","60.04 MB"
"z:\lenovodrivers\repo\lnvgy_fw_raid_mr3.5.530-51.17.0-4094-0_windows_x86-64.exe",".exe","61688620","03/10/2024 08:43:15","03/10/2024 08:44:07","03/10/2024 08:43:15","z:\lenovodrivers\repo","309","58.83 MB"
"z:\lenovodrivers\repo\lnvgy_fw_raid_mr3.5.530-51.22.0-5353-0-a_windows_x86-64.exe",".exe","61868664","03/10/2024 08:42:50","03/10/2024 08:43:29","03/10/2024 08:42:50","z:\lenovodrivers\repo","309","59.00 MB"
"z:\lenovodrivers\repo\lnvgy_fw_raid_mr3.5.930-51.22.0-5353-0-a_windows_x86-64.exe",".exe","77670464","03/10/2024 08:42:31","03/10/2024 08:43:43","03/10/2024 08:42:31","z:\lenovodrivers\repo","309","74.07 MB"
"z:\lenovodrivers\repo\lnvgy_fw_raid_mr3.5.940-52.17.0-4093-0_windows_x86-64.exe",".exe","89396838","03/10/2024 08:42:14","03/10/2024 08:43:05","03/10/2024 08:42:14","z:\lenovodrivers\repo","309","85.26 MB"
"z:\lenovodrivers\repo\lnvgy_fw_raid_mr3.5.940-52.30.0-5632-0-a_windows_x86-64.exe",".exe","93845664","03/10/2024 08:41:59","03/10/2024 08:43:13","03/10/2024 08:41:59","z:\lenovodrivers\repo","309","89.50 MB"
"z:\lenovodrivers\repo\lnvgy_fw_xcc_cdi306x-1.08_anyos_noarch.uxz",".uxz","123777214","03/10/2024 08:40:20","03/10/2024 08:41:52","03/10/2024 08:40:20","z:\lenovodrivers\repo","309","118.04 MB"
"z:\lenovodrivers\repo\lnvgy_fw_xcc_cdi326d-2.02_anyos_noarch.uxz",".uxz","123797694","03/10/2024 08:40:20","03/10/2024 08:41:35","03/10/2024 08:40:20","z:\lenovodrivers\repo","309","118.06 MB"
"z:\lenovodrivers\repo\lnvgy_fw_xcc_cdi334w-2.50_anyos_noarch.uxz",".uxz","129951934","03/10/2024 08:40:17","03/10/2024 08:43:16","03/10/2024 08:40:17","z:\lenovodrivers\repo","309","123.93 MB"
"z:\lenovodrivers\repo\lnvgy_fw_xcc_cdi364m-5.40_anyos_noarch.uxz",".uxz","120398014","03/10/2024 08:40:26","03/10/2024 08:41:38","03/10/2024 08:40:26","z:\lenovodrivers\repo","309","114.82 MB"
"z:\lenovodrivers\repo\lnvgy_fw_xcc_cdi3a8n-9.40_anyos_noarch.uxz",".uxz","129511614","03/10/2024 08:40:17","03/10/2024 08:42:17","03/10/2024 08:40:17","z:\lenovodrivers\repo","309","123.51 MB"
"z:\lenovodrivers\repo\lnvgy_fw_xcc_cdi3b4e-9.98_anyos_noarch.uxz",".uxz","142741694","03/10/2024 08:40:16","03/10/2024 08:42:45","03/10/2024 08:40:16","z:\lenovodrivers\repo","309","136.13 MB"
"z:\lenovodrivers\repo\mlnx-lnvgy_dd_nic_cx.winof2-23.10.50000-2-a_windows_x86-64.exe",".exe","105914608","03/10/2024 08:41:45","03/10/2024 08:43:07","03/10/2024 08:41:45","z:\lenovodrivers\repo","309","101.01 MB"
"z:\lenovodrivers\repo\mlnx-lnvgy_fw_nic_cx-24.04-0.6.6.0-0-a_windows_x86-64.exe",".exe","241050592","03/10/2024 08:40:13","03/10/2024 08:44:26","03/10/2024 08:40:13","z:\lenovodrivers\repo","309","229.88 MB"
"z:\lenovodrivers\repo\mlnx-lnvgy_fw_nic_cx-5.4-1.0.3.0-6_windows_x86-64.exe",".exe","188454361","03/10/2024 08:40:13","03/10/2024 08:42:26","03/10/2024 08:40:13","z:\lenovodrivers\repo","309","179.72 MB"
"z:\marcus\csm-CLI-6.3.6.0-linux-x86_64.tar.gz",".gz","55926713","13/06/2023 12:32:15","13/06/2023 12:22:43","13/06/2023 12:32:15","z:\marcus","787","53.34 MB"
"z:\marcus\Spectrum Copy Data Management.ova",".ova","2012723200","26/10/2023 11:04:24","07/02/2024 16:44:40","26/10/2023 11:04:24","z:\marcus","652","1.87 GB"
"z:\morpheus\backup.1.20230319000015.zip",".zip","67604206","22/03/2023 16:05:32","22/03/2023 16:05:58","22/03/2023 16:05:32","z:\morpheus","870","64.47 MB"
"z:\morpheus\hycu-4.7.1-183.vmdk",".vmdk","1584540672","11/05/2023 15:28:50","11/05/2023 15:31:12","11/05/2023 15:28:50","z:\morpheus","820","1.48 GB"
"z:\morpheus\Nutanix-Collector-4.4-win.zip",".zip","199802985","08/06/2023 10:36:50","08/06/2023 10:37:09","08/06/2023 10:36:50","z:\morpheus","792","190.55 MB"
"z:\morpheus\Nutanix-VirtIO-1.2.1.iso",".iso","132245504","12/05/2023 10:08:54","12/05/2023 10:09:10","12/05/2023 10:08:54","z:\morpheus","819","126.12 MB"
"z:\morpheus\phoenix-ce2.0-fraser-6.5.2-stable-fnd-5.3.4-x86_64.iso",".iso","5578850304","11/05/2023 14:54:27","11/05/2023 15:02:52","11/05/2023 14:54:27","z:\morpheus","820","5.20 GB"
"z:\morpheus\Pritunl.exe",".exe","102375312","04/04/2023 14:39:18","04/04/2023 14:39:37","04/04/2023 14:39:18","z:\morpheus","857","97.63 MB"
"z:\morpheus\turnkey-core-16.1-buster-amd64-vmdk.zip",".zip","330650504","19/05/2023 11:55:36","19/05/2023 11:56:49","19/05/2023 11:55:36","z:\morpheus","812","315.33 MB"
"z:\morpheus\turnkey-core-16.1-buster-amd64.ova",".ova","366263808","19/05/2023 10:41:21","19/05/2023 10:48:26","19/05/2023 10:41:21","z:\morpheus","812","349.30 MB"
"z:\morpheus\ubuntu-20.04-server-cloudimg-amd64.img",".img","652083200","09/06/2023 14:13:21","09/06/2023 14:14:18","09/06/2023 14:13:21","z:\morpheus","791","621.88 MB"
"z:\morpheus\VSCodeSetup-x64-1.76.0.exe",".exe","90137152","09/03/2023 13:58:29","09/03/2023 13:58:38","09/03/2023 13:58:29","z:\morpheus","883","85.96 MB"
"z:\morpheus\VSCodeUserSetup-x64-1.76.0.exe",".exe","90137488","09/03/2023 13:57:28","09/03/2023 13:57:38","09/03/2023 13:57:28","z:\morpheus","883","85.96 MB"
"z:\morpheus\exports\atm-ubuntu-server-22.04-lts-v23.01\atm-ubuntu-server-22.04-lts-v23.01-1.vmdk",".vmdk","2291284992","20/01/2023 10:04:18","20/01/2023 10:11:53","20/01/2023 10:04:18","z:\morpheus\exports\atm-ubuntu-server-22.04-lts-v23.01","931","2.13 GB"
"z:\morpheus\exports\RHEL\internal-rhel-server-9.1-v23.03-1.vmdk",".vmdk","1543766016","01/03/2023 11:50:57","01/03/2023 11:54:36","01/03/2023 11:50:57","z:\morpheus\exports\RHEL","891","1.44 GB"
"z:\morpheus\iso\SW_DVD9_Win_Server_STD_CORE_2019_1809.19_64Bit_English_DC_STD_MLF_X23-31944.ISO",".ISO","5650835456","19/12/2022 12:04:30","19/12/2022 12:22:23","19/12/2022 12:04:30","z:\morpheus\iso","963","5.26 GB"
"z:\morpheus\iso\SW_DVD9_Win_Server_STD_CORE_2022_2108.15_64Bit_English_DC_STD_MLF_X23-31801.ISO",".ISO","5200457728","19/12/2022 12:05:17","19/12/2022 12:22:23","19/12/2022 12:05:17","z:\morpheus\iso","963","4.84 GB"
"z:\morpheus\Nutanix-Collector-4.4-win\Nutanix-Collector-4.4-win\Nutanix-Collector.exe",".exe","95391712","08/06/2023 10:37:21","20/04/2023 04:39:40","08/06/2023 10:37:21","z:\morpheus\Nutanix-Collector-4.4-win\Nutanix-Collector-4.4-win","792","90.97 MB"
"z:\morpheus\Nutanix-Collector-4.4-win\Nutanix-Collector-4.4-win\resources\app.asar",".asar","157236278","08/06/2023 10:37:25","20/04/2023 04:39:44","08/06/2023 10:37:25","z:\morpheus\Nutanix-Collector-4.4-win\Nutanix-Collector-4.4-win\resources","792","149.95 MB"
"z:\morpheus\turnkey-core-16.1-buster-amd64\turnkey-core-16.1-buster-amd64.vmdk",".vmdk","1068367872","19/05/2023 12:06:23","23/02/2021 01:35:31","19/05/2023 12:06:23","z:\morpheus\turnkey-core-16.1-buster-amd64","812","1,018.88 MB"
"z:\Narendhar\PowerVC_V2.1.1_for_RHEL_x86_042023_LCD8263705.tar.gz",".gz","1242332210","01/06/2023 16:19:25","01/06/2023 16:17:49","01/06/2023 16:19:25","z:\Narendhar","799","1.16 GB"
"z:\Narendhar\rhel-baseos-9.1-ppc64le-dvd.iso",".iso","7184343040","31/03/2023 14:18:12","31/03/2023 15:57:22","12/04/2023 15:09:00","z:\Narendhar","861","6.69 GB"
"z:\Nokia 7750 upgrades\compactflash contents\TiMOS-SR-15.0r3\both.tim",".tim","63183232","13/04/2022 17:10:12","13/03/2017 04:19:24","13/04/2022 17:10:12","z:\Nokia 7750 upgrades\compactflash contents\TiMOS-SR-15.0r3","1212","60.26 MB"
"z:\Nokia 7750 upgrades\compactflash contents\TiMOS-SR-15.0r3\cpm.tim",".tim","117713408","13/04/2022 17:09:38","13/04/2022 12:10:04","13/04/2022 17:09:38","z:\Nokia 7750 upgrades\compactflash contents\TiMOS-SR-15.0r3","1212","112.26 MB"
"z:\Nokia 7750 upgrades\compactflash contents\TiMOS-SR-15.0r3\support.tim",".tim","301242720","13/04/2022 17:08:31","13/04/2022 12:12:28","13/04/2022 17:08:31","z:\Nokia 7750 upgrades\compactflash contents\TiMOS-SR-15.0r3","1212","287.29 MB"
"z:\Nokia 7750 upgrades\compactflash contents\TiMOS-SR-15.0R4\both.tim",".tim","64282112","13/04/2022 17:11:04","21/12/2021 11:36:22","13/04/2022 17:11:04","z:\Nokia 7750 upgrades\compactflash contents\TiMOS-SR-15.0R4","1212","61.30 MB"
"z:\Nokia 7750 upgrades\compactflash contents\TiMOS-SR-15.0R4\cpm.tim",".tim","119012960","13/04/2022 17:11:18","11/03/2022 16:50:46","13/04/2022 17:11:18","z:\Nokia 7750 upgrades\compactflash contents\TiMOS-SR-15.0R4","1212","113.50 MB"
"z:\Nokia 7750 upgrades\compactflash contents\TiMOS-SR-15.0R4\support.tim",".tim","311936896","13/04/2022 17:11:58","11/03/2022 16:53:14","13/04/2022 17:11:58","z:\Nokia 7750 upgrades\compactflash contents\TiMOS-SR-15.0R4","1212","297.49 MB"
"z:\Nokia 7750 upgrades\Nokia-7750_SR-TiMOS-15.0.R8\cflash\TiMOS-SR-15.0.R8\both.tim",".tim","64638880","04/01/2022 13:30:16","22/03/2018 01:59:41","04/01/2022 13:30:16","z:\Nokia 7750 upgrades\Nokia-7750_SR-TiMOS-15.0.R8\cflash\TiMOS-SR-15.0.R8","1312","61.64 MB"
"z:\Nokia 7750 upgrades\Nokia-7750_SR-TiMOS-15.0.R8\cflash\TiMOS-SR-15.0.R8\cpm.tim",".tim","120331488","04/01/2022 13:30:24","22/03/2018 01:59:35","04/01/2022 13:30:24","z:\Nokia 7750 upgrades\Nokia-7750_SR-TiMOS-15.0.R8\cflash\TiMOS-SR-15.0.R8","1312","114.76 MB"
"z:\Nokia 7750 upgrades\Nokia-7750_SR-TiMOS-15.0.R8\cflash\TiMOS-SR-15.0.R8\support.tim",".tim","313042880","04/01/2022 13:30:47","22/03/2018 01:59:38","04/01/2022 13:30:47","z:\Nokia 7750 upgrades\Nokia-7750_SR-TiMOS-15.0.R8\cflash\TiMOS-SR-15.0.R8","1312","298.54 MB"
"z:\Nokia 7750 upgrades\Nokia-7750_SR-TiMOS-16.0.R20 (1)\cflash\TiMOS-SR-16.0.R20\both.tim",".tim","89869824","06/12/2021 16:48:46","26/08/2021 21:10:12","06/12/2021 16:48:46","z:\Nokia 7750 upgrades\Nokia-7750_SR-TiMOS-16.0.R20 (1)\cflash\TiMOS-SR-16.0.R20","1340","85.71 MB"
"z:\Nokia 7750 upgrades\Nokia-7750_SR-TiMOS-16.0.R20 (1)\cflash\TiMOS-SR-16.0.R20\cpm.tim",".tim","155703200","06/12/2021 16:48:58","26/08/2021 21:09:38","06/12/2021 16:48:58","z:\Nokia 7750 upgrades\Nokia-7750_SR-TiMOS-16.0.R20 (1)\cflash\TiMOS-SR-16.0.R20","1340","148.49 MB"
"z:\Nokia 7750 upgrades\Nokia-7750_SR-TiMOS-16.0.R20 (1)\cflash\TiMOS-SR-16.0.R20\support.tim",".tim","330045888","06/12/2021 16:49:33","26/08/2021 21:04:07","06/12/2021 16:49:33","z:\Nokia 7750 upgrades\Nokia-7750_SR-TiMOS-16.0.R20 (1)\cflash\TiMOS-SR-16.0.R20","1340","314.76 MB"
"z:\Nokia 7750 upgrades\Nokia-7750_SR-TiMOS-16.0.R4-2\cflash\TiMOS-SR-16.0.R4-2\both.tim",".tim","87094752","04/01/2022 13:28:40","26/01/2019 02:38:51","04/01/2022 13:28:40","z:\Nokia 7750 upgrades\Nokia-7750_SR-TiMOS-16.0.R4-2\cflash\TiMOS-SR-16.0.R4-2","1312","83.06 MB"
"z:\Nokia 7750 upgrades\Nokia-7750_SR-TiMOS-16.0.R4-2\cflash\TiMOS-SR-16.0.R4-2\cpm.tim",".tim","153890720","04/01/2022 13:28:50","26/01/2019 02:34:40","04/01/2022 13:28:50","z:\Nokia 7750 upgrades\Nokia-7750_SR-TiMOS-16.0.R4-2\cflash\TiMOS-SR-16.0.R4-2","1312","146.76 MB"
"z:\Nokia 7750 upgrades\Nokia-7750_SR-TiMOS-16.0.R4-2\cflash\TiMOS-SR-16.0.R4-2\support.tim",".tim","330000352","04/01/2022 13:29:18","26/01/2019 02:38:46","04/01/2022 13:29:18","z:\Nokia 7750 upgrades\Nokia-7750_SR-TiMOS-16.0.R4-2\cflash\TiMOS-SR-16.0.R4-2","1312","314.71 MB"
"z:\Nokia 7750 upgrades\Nokia-VSR-VM-15.0.R3\vm\7xxx-i386\sros-vm.ova",".ova","244439040","06/12/2021 16:50:29","25/05/2017 23:44:04","06/12/2021 16:50:29","z:\Nokia 7750 upgrades\Nokia-VSR-VM-15.0.R3\vm\7xxx-i386","1340","233.12 MB"
"z:\Nokia 7750 upgrades\Nokia-VSR-VM-15.0.R3\vm\7xxx-i386\sros-vm.qcow2",".qcow2","244056064","06/12/2021 16:51:05","25/05/2017 23:43:52","06/12/2021 16:51:05","z:\Nokia 7750 upgrades\Nokia-VSR-VM-15.0.R3\vm\7xxx-i386","1340","232.75 MB"
"z:\Nokia 7750 upgrades\Nokia-VSR-VM-16.0.R20\vm\7xxx-i386\sros-vm.ova",".ova","305879040","06/12/2021 16:51:40","26/08/2021 21:11:34","06/12/2021 16:51:40","z:\Nokia 7750 upgrades\Nokia-VSR-VM-16.0.R20\vm\7xxx-i386","1340","291.71 MB"
"z:\Nokia 7750 upgrades\Nokia-VSR-VM-16.0.R20\vm\7xxx-i386\sros-vm.qcow2",".qcow2","305135616","06/12/2021 16:52:25","26/08/2021 21:11:23","06/12/2021 16:52:25","z:\Nokia 7750 upgrades\Nokia-VSR-VM-16.0.R20\vm\7xxx-i386","1340","291.00 MB"
"z:\Nokia 7750 upgrades\Nokia-VSR-VM-16.0.R20\vm\7xxx-i386\sros-vsr.ova",".ova","305879040","06/12/2021 16:53:09","26/08/2021 21:11:34","06/12/2021 16:53:09","z:\Nokia 7750 upgrades\Nokia-VSR-VM-16.0.R20\vm\7xxx-i386","1340","291.71 MB"
"z:\nuage 5.4.1\nuage-elastic-5.4.1-1.tar.gz",".gz","3229182329","03/05/2019 16:25:10","03/05/2019 15:28:55","03/05/2019 16:25:10","z:\nuage 5.4.1","2289","3.01 GB"
"z:\patches\VTL-Console-8.20-9310.exe",".exe","88284248","31/10/2018 13:31:10","18/12/2015 13:31:04","31/10/2018 13:31:10","z:\patches","2473","84.19 MB"
"z:\patches\vtl-console-9.00-10520.exe",".exe","111440544","31/10/2018 13:30:36","10/04/2018 11:33:38","31/10/2018 13:30:36","z:\patches","2473","106.28 MB"
"z:\patches\TSBackdrop08\remote-bubble-01-01.bmp",".bmp","128020054","22/06/2018 12:26:09","22/06/2018 12:26:10","22/06/2018 12:26:09","z:\patches\TSBackdrop08","2604","122.09 MB"
"z:\scp\backup\server1\config_files.tar.gz",".gz","911005652","22/03/2019 15:45:36","22/03/2019 15:46:35","22/03/2019 15:45:36","z:\scp\backup\server1","2331","868.80 MB"
"z:\TaniumPOC\linux-client-bundle.zip",".zip","665927522","06/12/2024 11:35:39","06/12/2024 11:29:19","06/12/2024 11:35:39","z:\TaniumPOC","245","635.08 MB"
"z:\TiMOS-20.10.R9\Nokia-7750_SR-TiMOS-21.7.R2.zip",".zip","1752016951","14/10/2021 11:49:01","14/10/2021 11:40:04","14/10/2021 11:49:01","z:\TiMOS-20.10.R9","1394","1.63 GB"
"z:\TiMOS-20.10.R9\cflash\EFI\BOOT\x86_64\sros.initrd",".initrd","57824608","14/10/2021 12:01:12","15/09/2021 22:19:22","14/10/2021 12:01:12","z:\TiMOS-20.10.R9\cflash\EFI\BOOT\x86_64","1394","55.15 MB"
"z:\TiMOS-20.10.R9\cflash\TiMOS-SR-21.7.R2\both.tim",".tim","304782036","14/10/2021 12:01:03","15/09/2021 21:27:28","14/10/2021 12:01:03","z:\TiMOS-20.10.R9\cflash\TiMOS-SR-21.7.R2","1394","290.66 MB"
"z:\TiMOS-20.10.R9\cflash\TiMOS-SR-21.7.R2\cpm.tim",".tim","427744948","14/10/2021 12:00:55","15/09/2021 21:27:03","14/10/2021 12:00:55","z:\TiMOS-20.10.R9\cflash\TiMOS-SR-21.7.R2","1394","407.93 MB"
"z:\TiMOS-20.10.R9\cflash\TiMOS-SR-21.7.R2\hypervisors.tim",".tim","128295616","14/10/2021 12:01:01","15/09/2021 21:28:30","14/10/2021 12:01:01","z:\TiMOS-20.10.R9\cflash\TiMOS-SR-21.7.R2","1394","122.35 MB"
"z:\TiMOS-20.10.R9\cflash\TiMOS-SR-21.7.R2\iom.tim",".tim","165036436","14/10/2021 12:01:02","15/09/2021 21:16:00","14/10/2021 12:01:02","z:\TiMOS-20.10.R9\cflash\TiMOS-SR-21.7.R2","1394","157.39 MB"
"z:\TiMOS-20.10.R9\cflash\TiMOS-SR-21.7.R2\kernel.tim",".tim","135380935","14/10/2021 12:00:57","15/09/2021 22:19:33","14/10/2021 12:00:57","z:\TiMOS-20.10.R9\cflash\TiMOS-SR-21.7.R2","1394","129.11 MB"
"z:\TiMOS-20.10.R9\cflash\TiMOS-SR-21.7.R2\support.tim",".tim","419321952","14/10/2021 12:00:58","15/09/2021 21:14:45","14/10/2021 12:00:58","z:\TiMOS-20.10.R9\cflash\TiMOS-SR-21.7.R2","1394","399.90 MB"
"z:\trend diags\Client to Upgrade - diagnostic1661007715.zip",".zip","60184785","28/01/2025 12:50:17","28/01/2025 12:49:34","28/01/2025 12:50:17","z:\trend diags","192","57.40 MB"
"z:\u2\nuage-210-wbx-5.4.1-70 (1).tar.gz",".gz","561990607","21/05/2019 15:43:46","21/05/2019 15:35:06","21/05/2019 15:43:46","z:\u2","2271","535.96 MB"
"z:\u2\nuage-vsg-vsa-5.4.1-70 (1).tar.gz",".gz","85125074","21/05/2019 15:44:54","21/05/2019 15:29:48","21/05/2019 15:44:54","z:\u2","2271","81.18 MB"
"z:\unix folder\RedHat8-x86_64-1.vmdk",".vmdk","2848735232","26/11/2020 15:45:18","26/11/2020 12:11:30","26/11/2020 15:45:18","z:\unix folder","1716","2.65 GB"
"z:\vat-win\vsphere-assessment-tool Setup 1.21.4.exe",".exe","57027641","14/09/2021 10:58:58","25/05/2021 18:51:02","14/09/2021 10:58:58","z:\vat-win","1424","54.39 MB"
"z:\Virtual Machines\BIGIP-17.0.0-0.0.22.ALL_1SLOT-vmware.ova",".ova","2518753280","18/05/2022 14:34:37","18/05/2022 14:26:22","18/05/2022 14:34:37","z:\Virtual Machines","1178","2.35 GB"
"z:\Virtual Machines\BLUE-WEB\BLUE-WEB-5a3e20e4.vmem",".vmem","134217728","18/05/2022 13:37:18","08/01/2019 17:27:53","18/05/2022 13:37:18","z:\Virtual Machines\BLUE-WEB","1178","128.00 MB"
"z:\Virtual Machines\BLUE-WEB\BLUE-WEB-disk1.vmdk",".vmdk","168951808","18/05/2022 13:37:28","09/01/2019 08:11:03","18/05/2022 13:37:28","z:\Virtual Machines\BLUE-WEB","1178","161.12 MB"
"z:\Virtual Machines\GREEN-WEB\GREEN-WEB-a496118d.vmem",".vmem","134217728","18/05/2022 13:37:42","08/01/2019 17:27:55","18/05/2022 13:37:42","z:\Virtual Machines\GREEN-WEB","1178","128.00 MB"
"z:\Virtual Machines\GREEN-WEB\GREEN-WEB-disk1.vmdk",".vmdk","168624128","18/05/2022 13:37:52","05/02/2019 11:29:47","18/05/2022 13:37:52","z:\Virtual Machines\GREEN-WEB","1178","160.81 MB"
"z:\Virtual Machines\RED-WEB\RED-WEB-disk1.vmdk",".vmdk","168427520","18/05/2022 13:38:06","05/02/2019 11:29:55","18/05/2022 13:38:06","z:\Virtual Machines\RED-WEB","1178","160.62 MB"
"z:\Virtual Machines\RED-WEB\RED-WEB-fedb2ab7.vmem",".vmem","134217728","18/05/2022 13:38:20","08/01/2019 17:27:52","18/05/2022 13:38:20","z:\Virtual Machines\RED-WEB","1178","128.00 MB"
"z:\vmware\migration-assistant\cis-upgrade-runner.msi",".msi","87673591","26/04/2022 16:47:54","22/10/2021 12:41:06","26/04/2022 17:12:14","z:\vmware\migration-assistant","1199","83.61 MB"
"z:\vmware\vcsa\VMware-vCenter-Server-Appliance-7.0.3.00500-19480866_OVF10.ova",".ova","7836208128","26/04/2022 16:47:55","11/03/2022 08:03:45","26/04/2022 17:12:15","z:\vmware\vcsa","1199","7.30 GB"
"z:\vmware\vcsa-ui-installer\lin64\installer","","140252696","26/04/2022 16:50:02","20/10/2021 14:50:36","26/04/2022 17:14:34","z:\vmware\vcsa-ui-installer\lin64","1199","133.76 MB"
"z:\vmware\vcsa-ui-installer\mac\Installer.app\Contents\Frameworks\Electron Framework.framework\Electron Framework","","138285792","26/04/2022 16:50:05","20/10/2021 14:52:38","26/04/2022 17:14:37","z:\vmware\vcsa-ui-installer\mac\Installer.app\Contents\Frameworks\Electron Framework.framework","1199","131.88 MB"
"z:\vmware\vcsa-ui-installer\win32\installer.exe",".exe","117641080","26/04/2022 16:50:08","20/10/2021 13:53:17","26/04/2022 17:14:40","z:\vmware\vcsa-ui-installer\win32","1199","112.19 MB"
"z:\vmware vsat\vsphere-assessment-tool Setup 1.21.4.exe",".exe","57027641","29/04/2022 15:37:18","25/05/2021 18:51:02","29/04/2022 15:37:41","z:\vmware vsat","1197","54.39 MB"
"z:\vtl\10520\update-is1052001","","56567902","06/12/2018 08:43:56","09/11/2018 08:05:01","06/12/2018 08:43:56","z:\vtl\10520","2437","53.95 MB"
"z:\vtl\10520\update-is1052002","","498155888","06/12/2018 08:44:13","09/11/2018 08:17:30","06/12/2018 08:44:13","z:\vtl\10520","2437","475.08 MB"
"z:\Zerto\Zerto Cloud Manager Installer_9.0.0.2242.zip",".zip","88652393","22/07/2021 09:09:48","22/07/2021 09:11:18","22/07/2021 09:09:48","z:\Zerto","1478","84.55 MB"
